{
  "project_info": {
    "project_number": "823863823331",
    "project_id": "chatbot-cdcd4",
    "storage_bucket": "chatbot-cdcd4.appspot.com"
  },
  "client": [
    {
      "client_info": {
        "mobilesdk_app_id": "1:823863823331:android:f438d87bb7814684b46ed6",
        "android_client_info": {
          "package_name": "com.example.chatbot"
        }
      },
      "oauth_client": [],
      "api_key": [
        {
          "current_key": "AIzaSyAmvNLnHzl6XUyWf5RUZVQaLVCrzc_RwQY"
        }
      ],
      "services": {
        "appinvite_service": {
          "other_platform_oauth_client": []
        }
      }
    }
  ],
  "configuration_version": "1"
}